,F,S_parameter,best_val_mse,best_val_R2,test_mse,test_R2
0,20000000000.0,"A(1,1)",0.08121641725301743,0.8771436844029105,0.04914289340376854,0.9572094132480422
1,20000000000.0,"P(1,1)",0.12747439742088318,0.8310782345966121,0.3348805904388428,0.4700586701704348
2,40000000000.0,"A(1,1)",0.5601834654808044,0.13485588922033265,0.3179488480091095,0.5625197661600592
3,40000000000.0,"P(1,1)",1.2739531993865967,-13.238896477059235,1.297042727470398,-6.927868597103925
